/*
SQLyog Ultimate v12.09 (64 bit)
MySQL - 5.7.21 : Database - yanshenproject
*********************************************************************
*/

/*!40101 SET NAMES utf8 */;

/*!40101 SET SQL_MODE=''*/;

/*!40014 SET @OLD_UNIQUE_CHECKS=@@UNIQUE_CHECKS, UNIQUE_CHECKS=0 */;
/*!40014 SET @OLD_FOREIGN_KEY_CHECKS=@@FOREIGN_KEY_CHECKS, FOREIGN_KEY_CHECKS=0 */;
/*!40101 SET @OLD_SQL_MODE=@@SQL_MODE, SQL_MODE='NO_AUTO_VALUE_ON_ZERO' */;
/*!40111 SET @OLD_SQL_NOTES=@@SQL_NOTES, SQL_NOTES=0 */;
CREATE DATABASE /*!32312 IF NOT EXISTS*/`yanshenproject` /*!40100 DEFAULT CHARACTER SET utf8 */;

USE `yanshenproject`;

/*Table structure for table `tb_city` */

DROP TABLE IF EXISTS `tb_city`;

CREATE TABLE `tb_city` (
  `cid` int(11) NOT NULL AUTO_INCREMENT,
  `name` varchar(50) DEFAULT NULL,
  `pid` int(11) DEFAULT NULL,
  PRIMARY KEY (`cid`),
  KEY `fk_province` (`pid`),
  CONSTRAINT `fk_province` FOREIGN KEY (`pid`) REFERENCES `tb_province` (`pid`)
) ENGINE=InnoDB AUTO_INCREMENT=438 DEFAULT CHARSET=utf8;

/*Data for the table `tb_city` */

insert  into `tb_city`(`cid`,`name`,`pid`) values (1,'东城区',1),(2,'西城区',1),(3,'崇文区',1),(4,'宣武区',1),(5,'朝阳区',1),(6,'丰台区',1),(7,'石景山区',1),(8,'海淀区',1),(9,'门头沟区',1),(10,'房山区',1),(11,'通州区',1),(12,'顺义区',1),(13,'昌平区',1),(14,'大兴区',1),(15,'怀柔区',1),(16,'平谷区',1),(17,'密云县',1),(18,'延庆县',1),(19,'和平区',2),(20,'河东区',2),(21,'河西区',2),(22,'南开区',2),(23,'河北区',2),(24,'红桥区',2),(25,'塘沽区',2),(26,'汉沽区',2),(27,'大港区',2),(28,'东丽区',2),(29,'西青区',2),(30,'津南区',2),(31,'北辰区',2),(32,'武清区',2),(33,'宝坻区',2),(34,'宁河县',2),(35,'静海县',2),(36,'蓟县',2),(37,'石家庄',3),(38,'唐山',3),(39,'秦皇岛',3),(40,'邯郸',3),(41,'邢台',3),(42,'保定',3),(43,'张家口',3),(44,'承德',3),(45,'沧州',3),(46,'廊坊',3),(47,'衡水',3),(48,'太原',4),(49,'大同',4),(50,'阳泉',4),(51,'长治',4),(52,'晋城',4),(53,'朔州',4),(54,'晋中',4),(55,'运城',4),(56,'忻州',4),(57,'临汾',4),(58,'吕梁',4),(59,'呼和浩特',5),(60,'包头',5),(61,'乌海',5),(62,'赤峰',5),(63,'通辽',5),(64,'鄂尔多斯',5),(65,'呼伦贝尔',5),(66,'巴彦淖尔',5),(67,'乌兰察布',5),(68,'兴安盟',5),(69,'锡林郭勒盟',5),(70,'阿拉善盟',5),(71,'沈阳',6),(72,'大连',6),(73,'鞍山',6),(74,'抚顺',6),(75,'本溪',6),(76,'丹东',6),(77,'锦州',6),(78,'营口',6),(79,'阜新',6),(80,'辽阳',6),(81,'盘锦',6),(82,'铁岭',6),(83,'朝阳',6),(84,'葫芦岛',6),(85,'长春',7),(86,'吉林',7),(87,'四平',7),(88,'辽源',7),(89,'通化',7),(90,'白山',7),(91,'松原',7),(92,'白城',7),(93,'延边',7),(94,'哈尔滨',8),(95,'齐齐哈尔',8),(96,'鸡西',8),(97,'鹤岗',8),(98,'双鸭山',8),(99,'大庆',8),(100,'伊春',8),(101,'佳木斯',8),(102,'七台河',8),(103,'牡丹江',8),(104,'黑河',8),(105,'绥化',8),(106,'大兴安岭',8),(107,'黄浦区',9),(108,'卢湾区',9),(109,'徐汇区',9),(110,'长宁区',9),(111,'静安区',9),(112,'普陀区',9),(113,'闸北区',9),(114,'虹口区',9),(115,'杨浦区',9),(116,'闵行区',9),(117,'宝山区',9),(118,'嘉定区',9),(119,'浦东新区',9),(120,'金山区',9),(121,'松江区',9),(122,'青浦区',9),(123,'南汇区',9),(124,'奉贤区',9),(125,'崇明县',9),(126,'南京',10),(127,'无锡',10),(128,'徐州',10),(129,'常州',10),(130,'苏州',10),(131,'南通',10),(132,'连云港',10),(133,'淮安',10),(134,'盐城',10),(135,'扬州',10),(136,'镇江',10),(137,'泰州',10),(138,'宿迁',10),(139,'杭州',11),(140,'宁波',11),(141,'温州',11),(142,'嘉兴',11),(143,'湖州',11),(144,'绍兴',11),(145,'金华',11),(146,'衢州',11),(147,'舟山',11),(148,'台州',11),(149,'丽水',11),(150,'合肥',12),(151,'芜湖',12),(152,'蚌埠',12),(153,'淮南',12),(154,'马鞍山',12),(155,'淮北',12),(156,'铜陵',12),(157,'安庆',12),(158,'黄山',12),(159,'滁州',12),(160,'阜阳',12),(161,'宿州',12),(162,'巢湖',12),(163,'六安',12),(164,'亳州',12),(165,'池州',12),(166,'宣城',12),(167,'福州',13),(168,'厦门',13),(169,'莆田',13),(170,'三明',13),(171,'泉州',13),(172,'漳州',13),(173,'南平',13),(174,'龙岩',13),(175,'宁德',13),(176,'南昌',14),(177,'景德镇',14),(178,'萍乡',14),(179,'九江',14),(180,'新余',14),(181,'鹰潭',14),(182,'赣州',14),(183,'吉安',14),(184,'宜春',14),(185,'抚州',14),(186,'上饶',14),(187,'济南',15),(188,'青岛',15),(189,'淄博',15),(190,'枣庄',15),(191,'东营',15),(192,'烟台',15),(193,'潍坊',15),(194,'济宁',15),(195,'泰安',15),(196,'威海',15),(197,'日照',15),(198,'莱芜',15),(199,'临沂',15),(200,'德州',15),(201,'聊城',15),(202,'滨州',15),(203,'荷泽',15),(204,'郑州',16),(205,'开封',16),(206,'洛阳',16),(207,'平顶山',16),(208,'安阳',16),(209,'鹤壁',16),(210,'新乡',16),(211,'焦作',16),(212,'濮阳',16),(213,'许昌',16),(214,'漯河',16),(215,'三门峡',16),(216,'南阳',16),(217,'商丘',16),(218,'信阳',16),(219,'周口',16),(220,'驻马店',16),(221,'武汉',17),(222,'黄石',17),(223,'十堰',17),(224,'宜昌',17),(225,'襄樊',17),(226,'鄂州',17),(227,'荆门',17),(228,'孝感',17),(229,'荆州',17),(230,'黄冈',17),(231,'咸宁',17),(232,'随州',17),(233,'恩施',17),(234,'神农架',17),(235,'长沙',18),(236,'株洲',18),(237,'湘潭',18),(238,'衡阳',18),(239,'邵阳',18),(240,'岳阳',18),(241,'常德',18),(242,'张家界',18),(243,'益阳',18),(244,'郴州',18),(245,'永州',18),(246,'怀化',18),(247,'娄底',18),(248,'湘西',18),(249,'广州',19),(250,'韶关',19),(251,'深圳',19),(252,'珠海',19),(253,'汕头',19),(254,'佛山',19),(255,'江门',19),(256,'湛江',19),(257,'茂名',19),(258,'肇庆',19),(259,'惠州',19),(260,'梅州',19),(261,'汕尾',19),(262,'河源',19),(263,'阳江',19),(264,'清远',19),(265,'东莞',19),(266,'中山',19),(267,'潮州',19),(268,'揭阳',19),(269,'云浮',19),(270,'南宁',20),(271,'柳州',20),(272,'桂林',20),(273,'梧州',20),(274,'北海',20),(275,'防城港',20),(276,'钦州',20),(277,'贵港',20),(278,'玉林',20),(279,'百色',20),(280,'贺州',20),(281,'河池',20),(282,'来宾',20),(283,'崇左',20),(284,'海口',21),(285,'三亚',21),(286,'重庆',22),(287,'万州区',22),(288,'涪陵区',22),(289,'渝中区',22),(290,'大渡口区',22),(291,'江北区',22),(292,'沙坪坝区',22),(293,'九龙坡区',22),(294,'南岸区',22),(295,'北碚区',22),(296,'万盛区',22),(297,'双桥区',22),(298,'渝北区',22),(299,'巴南区',22),(300,'黔江区',22),(301,'长寿区',22),(302,'綦江县',22),(303,'潼南县',22),(304,'铜梁县',22),(305,'大足县',22),(306,'荣昌县',22),(307,'璧山县',22),(308,'梁平县',22),(309,'城口县',22),(310,'丰都县',22),(311,'垫江县',22),(312,'武隆县',22),(313,'忠县',22),(314,'开县',22),(315,'云阳县',22),(316,'奉节县',22),(317,'巫山县',22),(318,'巫溪县',22),(319,'石柱土家族自治县',22),(320,'秀山土家族苗族自治县',22),(321,'酉阳土家族苗族自治县',22),(322,'彭水苗族土家族自治县',22),(323,'江津',22),(324,'合川',22),(325,'永川',22),(326,'南川',22),(327,'成都',23),(328,'自贡',23),(329,'攀枝花',23),(330,'泸州',23),(331,'德阳',23),(332,'绵阳',23),(333,'广元',23),(334,'遂宁',23),(335,'内江',23),(336,'乐山',23),(337,'南充',23),(338,'眉山',23),(339,'宜宾',23),(340,'广安',23),(341,'达州',23),(342,'雅安',23),(343,'巴中',23),(344,'资阳',23),(345,'阿坝',23),(346,'甘孜',23),(347,'凉山',23),(348,'贵阳',24),(349,'六盘水',24),(350,'遵义',24),(351,'安顺',24),(352,'铜仁',24),(353,'黔西南',24),(354,'毕节',24),(355,'黔东南',24),(356,'黔南',24),(357,'昆明',25),(358,'曲靖',25),(359,'玉溪',25),(360,'保山',25),(361,'昭通',25),(362,'丽江',25),(363,'思茅',25),(364,'临沧',25),(365,'楚雄',25),(366,'红河',25),(367,'文山',25),(368,'西双版纳',25),(369,'大理',25),(370,'德宏',25),(371,'怒江',25),(372,'迪庆',25),(373,'拉萨',26),(374,'昌都',26),(375,'山南',26),(376,'日喀则',26),(377,'那曲',26),(378,'阿里',26),(379,'林芝',26),(380,'西安',27),(381,'铜川',27),(382,'宝鸡',27),(383,'咸阳',27),(384,'渭南',27),(385,'延安',27),(386,'汉中',27),(387,'榆林',27),(388,'安康',27),(389,'商洛',27),(390,'兰州',28),(391,'嘉峪关',28),(392,'金昌',28),(393,'白银',28),(394,'天水',28),(395,'武威',28),(396,'张掖',28),(397,'平凉',28),(398,'酒泉',28),(399,'庆阳',28),(400,'定西',28),(401,'陇南',28),(402,'临夏',28),(403,'甘南',28),(404,'西宁',29),(405,'海东',29),(406,'海北',29),(407,'黄南',29),(408,'海南',29),(409,'果洛',29),(410,'玉树',29),(411,'海西',29),(412,'银川',30),(413,'石嘴山',30),(414,'吴忠',30),(415,'固原',30),(416,'中卫',30),(417,'乌鲁木齐',31),(418,'克拉玛依',31),(419,'吐鲁番',31),(420,'哈密',31),(421,'昌吉',31),(422,'博尔塔拉',31),(423,'巴音郭楞',31),(424,'阿克苏',31),(425,'克孜勒苏',31),(426,'喀什',31),(427,'和田',31),(428,'伊犁',31),(429,'塔城',31),(430,'阿勒泰',31),(431,'石河子',31),(432,'阿拉尔',31),(433,'图木舒克',31),(434,'五家渠',31),(435,'香港',32),(436,'澳门',33),(437,'台湾',34);

/*Table structure for table `tb_classify` */

DROP TABLE IF EXISTS `tb_classify`;

CREATE TABLE `tb_classify` (
  `classifyId` int(4) NOT NULL AUTO_INCREMENT COMMENT '分类id',
  `classifyName` varchar(20) NOT NULL,
  PRIMARY KEY (`classifyId`)
) ENGINE=InnoDB AUTO_INCREMENT=8 DEFAULT CHARSET=utf8;

/*Data for the table `tb_classify` */

insert  into `tb_classify`(`classifyId`,`classifyName`) values (1,'JAVA'),(2,'C++'),(3,'C'),(4,'Python'),(5,'Spring'),(6,'Mybatis'),(7,'SpringMVC');

/*Table structure for table `tb_collection` */

DROP TABLE IF EXISTS `tb_collection`;

CREATE TABLE `tb_collection` (
  `collectionId` int(4) NOT NULL AUTO_INCREMENT,
  `topicId` int(4) NOT NULL,
  `userId` char(32) NOT NULL,
  `deleteFlag` tinyint(1) NOT NULL DEFAULT '0',
  PRIMARY KEY (`collectionId`),
  KEY `topicId` (`topicId`),
  KEY `userId` (`userId`),
  CONSTRAINT `tb_collection_ibfk_1` FOREIGN KEY (`topicId`) REFERENCES `tb_topic` (`topicId`),
  CONSTRAINT `tb_collection_ibfk_2` FOREIGN KEY (`userId`) REFERENCES `tb_user` (`uid`)
) ENGINE=InnoDB AUTO_INCREMENT=4 DEFAULT CHARSET=utf8;

/*Data for the table `tb_collection` */

insert  into `tb_collection`(`collectionId`,`topicId`,`userId`,`deleteFlag`) values (1,13,'56c5d3e5e3d143cbaaadd3f3dadb48d3',1),(2,14,'56c5d3e5e3d143cbaaadd3f3dadb48d3',1),(3,4,'56c5d3e5e3d143cbaaadd3f3dadb48d3',0);

/*Table structure for table `tb_comment` */

DROP TABLE IF EXISTS `tb_comment`;

CREATE TABLE `tb_comment` (
  `commentId` int(4) NOT NULL AUTO_INCREMENT,
  `commentContent` varchar(100) NOT NULL COMMENT '评论内容',
  `commentCreateDate` timestamp NOT NULL DEFAULT CURRENT_TIMESTAMP ON UPDATE CURRENT_TIMESTAMP,
  `topicId` int(4) NOT NULL,
  `uid` char(32) NOT NULL,
  PRIMARY KEY (`commentId`),
  KEY `uid` (`uid`),
  KEY `topicId` (`topicId`),
  CONSTRAINT `tb_comment_ibfk_2` FOREIGN KEY (`uid`) REFERENCES `tb_user` (`uid`),
  CONSTRAINT `tb_comment_ibfk_3` FOREIGN KEY (`topicId`) REFERENCES `tb_topic` (`topicId`)
) ENGINE=InnoDB AUTO_INCREMENT=6 DEFAULT CHARSET=utf8;

/*Data for the table `tb_comment` */

insert  into `tb_comment`(`commentId`,`commentContent`,`commentCreateDate`,`topicId`,`uid`) values (2,'test','2018-12-10 22:47:52',4,'5a7f9026662b402bb5cd1063078dfe78'),(3,'test','2018-12-11 20:50:06',15,'5a7f9026662b402bb5cd1063078dfe78'),(4,'test','2018-12-11 20:56:15',10,'5a7f9026662b402bb5cd1063078dfe78'),(5,'test','2018-12-11 20:56:29',11,'5a7f9026662b402bb5cd1063078dfe78');

/*Table structure for table `tb_didtopic` */

DROP TABLE IF EXISTS `tb_didtopic`;

CREATE TABLE `tb_didtopic` (
  `didTopicId` int(4) NOT NULL AUTO_INCREMENT,
  `topicId` int(4) NOT NULL,
  `userId` char(32) NOT NULL,
  `error` tinyint(1) DEFAULT '1',
  `errorOptionId` int(4) DEFAULT '-1',
  PRIMARY KEY (`didTopicId`),
  KEY `topicId` (`topicId`),
  KEY `userId` (`userId`),
  CONSTRAINT `tb_didtopic_ibfk_1` FOREIGN KEY (`topicId`) REFERENCES `tb_topic` (`topicId`),
  CONSTRAINT `tb_didtopic_ibfk_2` FOREIGN KEY (`userId`) REFERENCES `tb_user` (`uid`)
) ENGINE=InnoDB AUTO_INCREMENT=499 DEFAULT CHARSET=utf8;

/*Data for the table `tb_didtopic` */

insert  into `tb_didtopic`(`didTopicId`,`topicId`,`userId`,`error`,`errorOptionId`) values (469,1,'56c5d3e5e3d143cbaaadd3f3dadb48d3',0,-1),(470,2,'56c5d3e5e3d143cbaaadd3f3dadb48d3',0,-1),(471,3,'56c5d3e5e3d143cbaaadd3f3dadb48d3',0,-1),(472,4,'56c5d3e5e3d143cbaaadd3f3dadb48d3',0,-1),(473,5,'56c5d3e5e3d143cbaaadd3f3dadb48d3',0,-1),(474,6,'56c5d3e5e3d143cbaaadd3f3dadb48d3',0,-1),(475,7,'56c5d3e5e3d143cbaaadd3f3dadb48d3',1,-1),(476,8,'56c5d3e5e3d143cbaaadd3f3dadb48d3',0,-1),(477,9,'56c5d3e5e3d143cbaaadd3f3dadb48d3',0,-1),(478,10,'56c5d3e5e3d143cbaaadd3f3dadb48d3',1,-1),(479,11,'56c5d3e5e3d143cbaaadd3f3dadb48d3',1,-1),(480,12,'56c5d3e5e3d143cbaaadd3f3dadb48d3',1,-1),(481,13,'56c5d3e5e3d143cbaaadd3f3dadb48d3',1,-1),(482,14,'56c5d3e5e3d143cbaaadd3f3dadb48d3',1,-1),(483,15,'56c5d3e5e3d143cbaaadd3f3dadb48d3',1,-1),(484,16,'56c5d3e5e3d143cbaaadd3f3dadb48d3',1,-1),(485,17,'56c5d3e5e3d143cbaaadd3f3dadb48d3',1,-1),(486,18,'56c5d3e5e3d143cbaaadd3f3dadb48d3',1,-1),(487,19,'56c5d3e5e3d143cbaaadd3f3dadb48d3',1,-1),(488,20,'56c5d3e5e3d143cbaaadd3f3dadb48d3',1,-1),(489,21,'56c5d3e5e3d143cbaaadd3f3dadb48d3',1,-1),(490,22,'56c5d3e5e3d143cbaaadd3f3dadb48d3',1,-1),(491,23,'56c5d3e5e3d143cbaaadd3f3dadb48d3',1,-1),(492,24,'56c5d3e5e3d143cbaaadd3f3dadb48d3',1,-1),(493,25,'56c5d3e5e3d143cbaaadd3f3dadb48d3',1,-1),(494,26,'56c5d3e5e3d143cbaaadd3f3dadb48d3',1,-1),(495,27,'56c5d3e5e3d143cbaaadd3f3dadb48d3',1,-1),(496,28,'56c5d3e5e3d143cbaaadd3f3dadb48d3',1,-1),(497,29,'56c5d3e5e3d143cbaaadd3f3dadb48d3',1,-1),(498,30,'56c5d3e5e3d143cbaaadd3f3dadb48d3',1,-1);

/*Table structure for table `tb_option` */

DROP TABLE IF EXISTS `tb_option`;

CREATE TABLE `tb_option` (
  `optionId` int(4) NOT NULL AUTO_INCREMENT,
  `optionComment` varchar(50) NOT NULL,
  `topicId` int(4) NOT NULL,
  `correct` tinyint(1) NOT NULL DEFAULT '0',
  PRIMARY KEY (`optionId`),
  KEY `topicId` (`topicId`),
  CONSTRAINT `tb_option_ibfk_1` FOREIGN KEY (`topicId`) REFERENCES `tb_topic` (`topicId`)
) ENGINE=InnoDB AUTO_INCREMENT=1201 DEFAULT CHARSET=utf8;

/*Data for the table `tb_option` */

insert  into `tb_option`(`optionId`,`optionComment`,`topicId`,`correct`) values (1,'JAVA test option 0',1,0),(2,'JAVA test option 1',1,0),(3,'JAVA test option 2',1,0),(4,'JAVA test option 3',1,1),(5,'JAVA test option 0',2,0),(6,'JAVA test option 1',2,0),(7,'JAVA test option 2',2,0),(8,'JAVA test option 3',2,1),(9,'JAVA test option 0',3,0),(10,'JAVA test option 1',3,0),(11,'JAVA test option 2',3,0),(12,'JAVA test option 3',3,1),(13,'JAVA test option 0',4,0),(14,'JAVA test option 1',4,0),(15,'JAVA test option 2',4,0),(16,'JAVA test option 3',4,1),(17,'JAVA test option 0',5,0),(18,'JAVA test option 1',5,0),(19,'JAVA test option 2',5,0),(20,'JAVA test option 3',5,1),(21,'JAVA test option 0',6,0),(22,'JAVA test option 1',6,0),(23,'JAVA test option 2',6,0),(24,'JAVA test option 3',6,1),(25,'JAVA test option 0',7,0),(26,'JAVA test option 1',7,0),(27,'JAVA test option 2',7,0),(28,'JAVA test option 3',7,1),(29,'JAVA test option 0',8,0),(30,'JAVA test option 1',8,0),(31,'JAVA test option 2',8,0),(32,'JAVA test option 3',8,1),(33,'JAVA test option 0',9,0),(34,'JAVA test option 1',9,0),(35,'JAVA test option 2',9,0),(36,'JAVA test option 3',9,1),(37,'JAVA test option 0',10,0),(38,'JAVA test option 1',10,0),(39,'JAVA test option 2',10,0),(40,'JAVA test option 3',10,1),(41,'JAVA test option 0',11,0),(42,'JAVA test option 1',11,0),(43,'JAVA test option 2',11,0),(44,'JAVA test option 3',11,1),(45,'JAVA test option 0',12,0),(46,'JAVA test option 1',12,0),(47,'JAVA test option 2',12,0),(48,'JAVA test option 3',12,1),(49,'JAVA test option 0',13,0),(50,'JAVA test option 1',13,0),(51,'JAVA test option 2',13,0),(52,'JAVA test option 3',13,1),(53,'JAVA test option 0',14,0),(54,'JAVA test option 1',14,0),(55,'JAVA test option 2',14,0),(56,'JAVA test option 3',14,1),(57,'JAVA test option 0',15,0),(58,'JAVA test option 1',15,0),(59,'JAVA test option 2',15,0),(60,'JAVA test option 3',15,1),(61,'JAVA test option 0',16,0),(62,'JAVA test option 1',16,0),(63,'JAVA test option 2',16,0),(64,'JAVA test option 3',16,1),(65,'JAVA test option 0',17,0),(66,'JAVA test option 1',17,0),(67,'JAVA test option 2',17,0),(68,'JAVA test option 3',17,1),(69,'JAVA test option 0',18,0),(70,'JAVA test option 1',18,0),(71,'JAVA test option 2',18,0),(72,'JAVA test option 3',18,1),(73,'JAVA test option 0',19,0),(74,'JAVA test option 1',19,0),(75,'JAVA test option 2',19,0),(76,'JAVA test option 3',19,1),(77,'JAVA test option 0',20,0),(78,'JAVA test option 1',20,0),(79,'JAVA test option 2',20,0),(80,'JAVA test option 3',20,1),(81,'JAVA test option 0',21,0),(82,'JAVA test option 1',21,0),(83,'JAVA test option 2',21,0),(84,'JAVA test option 3',21,1),(85,'JAVA test option 0',22,0),(86,'JAVA test option 1',22,0),(87,'JAVA test option 2',22,0),(88,'JAVA test option 3',22,1),(89,'JAVA test option 0',23,0),(90,'JAVA test option 1',23,0),(91,'JAVA test option 2',23,0),(92,'JAVA test option 3',23,1),(93,'JAVA test option 0',24,0),(94,'JAVA test option 1',24,0),(95,'JAVA test option 2',24,0),(96,'JAVA test option 3',24,1),(97,'JAVA test option 0',25,0),(98,'JAVA test option 1',25,0),(99,'JAVA test option 2',25,0),(100,'JAVA test option 3',25,1),(101,'JAVA test option 0',26,0),(102,'JAVA test option 1',26,0),(103,'JAVA test option 2',26,0),(104,'JAVA test option 3',26,1),(105,'JAVA test option 0',27,0),(106,'JAVA test option 1',27,0),(107,'JAVA test option 2',27,0),(108,'JAVA test option 3',27,1),(109,'JAVA test option 0',28,0),(110,'JAVA test option 1',28,0),(111,'JAVA test option 2',28,0),(112,'JAVA test option 3',28,1),(113,'JAVA test option 0',29,0),(114,'JAVA test option 1',29,0),(115,'JAVA test option 2',29,0),(116,'JAVA test option 3',29,1),(117,'JAVA test option 0',30,0),(118,'JAVA test option 1',30,0),(119,'JAVA test option 2',30,0),(120,'JAVA test option 3',30,1),(121,'JAVA test option 0',31,0),(122,'JAVA test option 1',31,0),(123,'JAVA test option 2',31,0),(124,'JAVA test option 3',31,1),(125,'JAVA test option 0',32,0),(126,'JAVA test option 1',32,0),(127,'JAVA test option 2',32,0),(128,'JAVA test option 3',32,1),(129,'JAVA test option 0',33,0),(130,'JAVA test option 1',33,0),(131,'JAVA test option 2',33,0),(132,'JAVA test option 3',33,1),(133,'JAVA test option 0',34,0),(134,'JAVA test option 1',34,0),(135,'JAVA test option 2',34,0),(136,'JAVA test option 3',34,1),(137,'JAVA test option 0',35,0),(138,'JAVA test option 1',35,0),(139,'JAVA test option 2',35,0),(140,'JAVA test option 3',35,1),(141,'JAVA test option 0',36,0),(142,'JAVA test option 1',36,0),(143,'JAVA test option 2',36,0),(144,'JAVA test option 3',36,1),(145,'JAVA test option 0',37,0),(146,'JAVA test option 1',37,0),(147,'JAVA test option 2',37,0),(148,'JAVA test option 3',37,1),(149,'JAVA test option 0',38,0),(150,'JAVA test option 1',38,0),(151,'JAVA test option 2',38,0),(152,'JAVA test option 3',38,1),(153,'JAVA test option 0',39,0),(154,'JAVA test option 1',39,0),(155,'JAVA test option 2',39,0),(156,'JAVA test option 3',39,1),(157,'JAVA test option 0',40,0),(158,'JAVA test option 1',40,0),(159,'JAVA test option 2',40,0),(160,'JAVA test option 3',40,1),(161,'JAVA test option 0',41,0),(162,'JAVA test option 1',41,0),(163,'JAVA test option 2',41,0),(164,'JAVA test option 3',41,1),(165,'JAVA test option 0',42,0),(166,'JAVA test option 1',42,0),(167,'JAVA test option 2',42,0),(168,'JAVA test option 3',42,1),(169,'JAVA test option 0',43,0),(170,'JAVA test option 1',43,0),(171,'JAVA test option 2',43,0),(172,'JAVA test option 3',43,1),(173,'JAVA test option 0',44,0),(174,'JAVA test option 1',44,0),(175,'JAVA test option 2',44,0),(176,'JAVA test option 3',44,1),(177,'JAVA test option 0',45,0),(178,'JAVA test option 1',45,0),(179,'JAVA test option 2',45,0),(180,'JAVA test option 3',45,1),(181,'JAVA test option 0',46,0),(182,'JAVA test option 1',46,0),(183,'JAVA test option 2',46,0),(184,'JAVA test option 3',46,1),(185,'JAVA test option 0',47,0),(186,'JAVA test option 1',47,0),(187,'JAVA test option 2',47,0),(188,'JAVA test option 3',47,1),(189,'JAVA test option 0',48,0),(190,'JAVA test option 1',48,0),(191,'JAVA test option 2',48,0),(192,'JAVA test option 3',48,1),(193,'JAVA test option 0',49,0),(194,'JAVA test option 1',49,0),(195,'JAVA test option 2',49,0),(196,'JAVA test option 3',49,1),(197,'JAVA test option 0',50,0),(198,'JAVA test option 1',50,0),(199,'JAVA test option 2',50,0),(200,'JAVA test option 3',50,1),(201,'C++ test option 0',51,0),(202,'C++ test option 1',51,0),(203,'C++ test option 2',51,0),(204,'C++ test option 3',51,1),(205,'C++ test option 0',52,0),(206,'C++ test option 1',52,0),(207,'C++ test option 2',52,0),(208,'C++ test option 3',52,1),(209,'C++ test option 0',53,0),(210,'C++ test option 1',53,0),(211,'C++ test option 2',53,0),(212,'C++ test option 3',53,1),(213,'C++ test option 0',54,0),(214,'C++ test option 1',54,0),(215,'C++ test option 2',54,0),(216,'C++ test option 3',54,1),(217,'C++ test option 0',55,0),(218,'C++ test option 1',55,0),(219,'C++ test option 2',55,0),(220,'C++ test option 3',55,1),(221,'C++ test option 0',56,0),(222,'C++ test option 1',56,0),(223,'C++ test option 2',56,0),(224,'C++ test option 3',56,1),(225,'C++ test option 0',57,0),(226,'C++ test option 1',57,0),(227,'C++ test option 2',57,0),(228,'C++ test option 3',57,1),(229,'C++ test option 0',58,0),(230,'C++ test option 1',58,0),(231,'C++ test option 2',58,0),(232,'C++ test option 3',58,1),(233,'C++ test option 0',59,0),(234,'C++ test option 1',59,0),(235,'C++ test option 2',59,0),(236,'C++ test option 3',59,1),(237,'C++ test option 0',60,0),(238,'C++ test option 1',60,0),(239,'C++ test option 2',60,0),(240,'C++ test option 3',60,1),(241,'C++ test option 0',61,0),(242,'C++ test option 1',61,0),(243,'C++ test option 2',61,0),(244,'C++ test option 3',61,1),(245,'C++ test option 0',62,0),(246,'C++ test option 1',62,0),(247,'C++ test option 2',62,0),(248,'C++ test option 3',62,1),(249,'C++ test option 0',63,0),(250,'C++ test option 1',63,0),(251,'C++ test option 2',63,0),(252,'C++ test option 3',63,1),(253,'C++ test option 0',64,0),(254,'C++ test option 1',64,0),(255,'C++ test option 2',64,0),(256,'C++ test option 3',64,1),(257,'C++ test option 0',65,0),(258,'C++ test option 1',65,0),(259,'C++ test option 2',65,0),(260,'C++ test option 3',65,1),(261,'C++ test option 0',66,0),(262,'C++ test option 1',66,0),(263,'C++ test option 2',66,0),(264,'C++ test option 3',66,1),(265,'C++ test option 0',67,0),(266,'C++ test option 1',67,0),(267,'C++ test option 2',67,0),(268,'C++ test option 3',67,1),(269,'C++ test option 0',68,0),(270,'C++ test option 1',68,0),(271,'C++ test option 2',68,0),(272,'C++ test option 3',68,1),(273,'C++ test option 0',69,0),(274,'C++ test option 1',69,0),(275,'C++ test option 2',69,0),(276,'C++ test option 3',69,1),(277,'C++ test option 0',70,0),(278,'C++ test option 1',70,0),(279,'C++ test option 2',70,0),(280,'C++ test option 3',70,1),(281,'C++ test option 0',71,0),(282,'C++ test option 1',71,0),(283,'C++ test option 2',71,0),(284,'C++ test option 3',71,1),(285,'C++ test option 0',72,0),(286,'C++ test option 1',72,0),(287,'C++ test option 2',72,0),(288,'C++ test option 3',72,1),(289,'C++ test option 0',73,0),(290,'C++ test option 1',73,0),(291,'C++ test option 2',73,0),(292,'C++ test option 3',73,1),(293,'C++ test option 0',74,0),(294,'C++ test option 1',74,0),(295,'C++ test option 2',74,0),(296,'C++ test option 3',74,1),(297,'C++ test option 0',75,0),(298,'C++ test option 1',75,0),(299,'C++ test option 2',75,0),(300,'C++ test option 3',75,1),(301,'C++ test option 0',76,0),(302,'C++ test option 1',76,0),(303,'C++ test option 2',76,0),(304,'C++ test option 3',76,1),(305,'C++ test option 0',77,0),(306,'C++ test option 1',77,0),(307,'C++ test option 2',77,0),(308,'C++ test option 3',77,1),(309,'C++ test option 0',78,0),(310,'C++ test option 1',78,0),(311,'C++ test option 2',78,0),(312,'C++ test option 3',78,1),(313,'C++ test option 0',79,0),(314,'C++ test option 1',79,0),(315,'C++ test option 2',79,0),(316,'C++ test option 3',79,1),(317,'C++ test option 0',80,0),(318,'C++ test option 1',80,0),(319,'C++ test option 2',80,0),(320,'C++ test option 3',80,1),(321,'C++ test option 0',81,0),(322,'C++ test option 1',81,0),(323,'C++ test option 2',81,0),(324,'C++ test option 3',81,1),(325,'C++ test option 0',82,0),(326,'C++ test option 1',82,0),(327,'C++ test option 2',82,0),(328,'C++ test option 3',82,1),(329,'C++ test option 0',83,0),(330,'C++ test option 1',83,0),(331,'C++ test option 2',83,0),(332,'C++ test option 3',83,1),(333,'C++ test option 0',84,0),(334,'C++ test option 1',84,0),(335,'C++ test option 2',84,0),(336,'C++ test option 3',84,1),(337,'C++ test option 0',85,0),(338,'C++ test option 1',85,0),(339,'C++ test option 2',85,0),(340,'C++ test option 3',85,1),(341,'C++ test option 0',86,0),(342,'C++ test option 1',86,0),(343,'C++ test option 2',86,0),(344,'C++ test option 3',86,1),(345,'C++ test option 0',87,0),(346,'C++ test option 1',87,0),(347,'C++ test option 2',87,0),(348,'C++ test option 3',87,1),(349,'C++ test option 0',88,0),(350,'C++ test option 1',88,0),(351,'C++ test option 2',88,0),(352,'C++ test option 3',88,1),(353,'C++ test option 0',89,0),(354,'C++ test option 1',89,0),(355,'C++ test option 2',89,0),(356,'C++ test option 3',89,1),(357,'C++ test option 0',90,0),(358,'C++ test option 1',90,0),(359,'C++ test option 2',90,0),(360,'C++ test option 3',90,1),(361,'C++ test option 0',91,0),(362,'C++ test option 1',91,0),(363,'C++ test option 2',91,0),(364,'C++ test option 3',91,1),(365,'C++ test option 0',92,0),(366,'C++ test option 1',92,0),(367,'C++ test option 2',92,0),(368,'C++ test option 3',92,1),(369,'C++ test option 0',93,0),(370,'C++ test option 1',93,0),(371,'C++ test option 2',93,0),(372,'C++ test option 3',93,1),(373,'C++ test option 0',94,0),(374,'C++ test option 1',94,0),(375,'C++ test option 2',94,0),(376,'C++ test option 3',94,1),(377,'C++ test option 0',95,0),(378,'C++ test option 1',95,0),(379,'C++ test option 2',95,0),(380,'C++ test option 3',95,1),(381,'C++ test option 0',96,0),(382,'C++ test option 1',96,0),(383,'C++ test option 2',96,0),(384,'C++ test option 3',96,1),(385,'C++ test option 0',97,0),(386,'C++ test option 1',97,0),(387,'C++ test option 2',97,0),(388,'C++ test option 3',97,1),(389,'C++ test option 0',98,0),(390,'C++ test option 1',98,0),(391,'C++ test option 2',98,0),(392,'C++ test option 3',98,1),(393,'C++ test option 0',99,0),(394,'C++ test option 1',99,0),(395,'C++ test option 2',99,0),(396,'C++ test option 3',99,1),(397,'C++ test option 0',100,0),(398,'C++ test option 1',100,0),(399,'C++ test option 2',100,0),(400,'C++ test option 3',100,1),(401,'C test option 0',101,0),(402,'C test option 1',101,0),(403,'C test option 2',101,0),(404,'C test option 3',101,1),(405,'C test option 0',102,0),(406,'C test option 1',102,0),(407,'C test option 2',102,0),(408,'C test option 3',102,1),(409,'C test option 0',103,0),(410,'C test option 1',103,0),(411,'C test option 2',103,0),(412,'C test option 3',103,1),(413,'C test option 0',104,0),(414,'C test option 1',104,0),(415,'C test option 2',104,0),(416,'C test option 3',104,1),(417,'C test option 0',105,0),(418,'C test option 1',105,0),(419,'C test option 2',105,0),(420,'C test option 3',105,1),(421,'C test option 0',106,0),(422,'C test option 1',106,0),(423,'C test option 2',106,0),(424,'C test option 3',106,1),(425,'C test option 0',107,0),(426,'C test option 1',107,0),(427,'C test option 2',107,0),(428,'C test option 3',107,1),(429,'C test option 0',108,0),(430,'C test option 1',108,0),(431,'C test option 2',108,0),(432,'C test option 3',108,1),(433,'C test option 0',109,0),(434,'C test option 1',109,0),(435,'C test option 2',109,0),(436,'C test option 3',109,1),(437,'C test option 0',110,0),(438,'C test option 1',110,0),(439,'C test option 2',110,0),(440,'C test option 3',110,1),(441,'C test option 0',111,0),(442,'C test option 1',111,0),(443,'C test option 2',111,0),(444,'C test option 3',111,1),(445,'C test option 0',112,0),(446,'C test option 1',112,0),(447,'C test option 2',112,0),(448,'C test option 3',112,1),(449,'C test option 0',113,0),(450,'C test option 1',113,0),(451,'C test option 2',113,0),(452,'C test option 3',113,1),(453,'C test option 0',114,0),(454,'C test option 1',114,0),(455,'C test option 2',114,0),(456,'C test option 3',114,1),(457,'C test option 0',115,0),(458,'C test option 1',115,0),(459,'C test option 2',115,0),(460,'C test option 3',115,1),(461,'C test option 0',116,0),(462,'C test option 1',116,0),(463,'C test option 2',116,0),(464,'C test option 3',116,1),(465,'C test option 0',117,0),(466,'C test option 1',117,0),(467,'C test option 2',117,0),(468,'C test option 3',117,1),(469,'C test option 0',118,0),(470,'C test option 1',118,0),(471,'C test option 2',118,0),(472,'C test option 3',118,1),(473,'C test option 0',119,0),(474,'C test option 1',119,0),(475,'C test option 2',119,0),(476,'C test option 3',119,1),(477,'C test option 0',120,0),(478,'C test option 1',120,0),(479,'C test option 2',120,0),(480,'C test option 3',120,1),(481,'C test option 0',121,0),(482,'C test option 1',121,0),(483,'C test option 2',121,0),(484,'C test option 3',121,1),(485,'C test option 0',122,0),(486,'C test option 1',122,0),(487,'C test option 2',122,0),(488,'C test option 3',122,1),(489,'C test option 0',123,0),(490,'C test option 1',123,0),(491,'C test option 2',123,0),(492,'C test option 3',123,1),(493,'C test option 0',124,0),(494,'C test option 1',124,0),(495,'C test option 2',124,0),(496,'C test option 3',124,1),(497,'C test option 0',125,0),(498,'C test option 1',125,0),(499,'C test option 2',125,0),(500,'C test option 3',125,1),(501,'C test option 0',126,0),(502,'C test option 1',126,0),(503,'C test option 2',126,0),(504,'C test option 3',126,1),(505,'C test option 0',127,0),(506,'C test option 1',127,0),(507,'C test option 2',127,0),(508,'C test option 3',127,1),(509,'C test option 0',128,0),(510,'C test option 1',128,0),(511,'C test option 2',128,0),(512,'C test option 3',128,1),(513,'C test option 0',129,0),(514,'C test option 1',129,0),(515,'C test option 2',129,0),(516,'C test option 3',129,1),(517,'C test option 0',130,0),(518,'C test option 1',130,0),(519,'C test option 2',130,0),(520,'C test option 3',130,1),(521,'C test option 0',131,0),(522,'C test option 1',131,0),(523,'C test option 2',131,0),(524,'C test option 3',131,1),(525,'C test option 0',132,0),(526,'C test option 1',132,0),(527,'C test option 2',132,0),(528,'C test option 3',132,1),(529,'C test option 0',133,0),(530,'C test option 1',133,0),(531,'C test option 2',133,0),(532,'C test option 3',133,1),(533,'C test option 0',134,0),(534,'C test option 1',134,0),(535,'C test option 2',134,0),(536,'C test option 3',134,1),(537,'C test option 0',135,0),(538,'C test option 1',135,0),(539,'C test option 2',135,0),(540,'C test option 3',135,1),(541,'C test option 0',136,0),(542,'C test option 1',136,0),(543,'C test option 2',136,0),(544,'C test option 3',136,1),(545,'C test option 0',137,0),(546,'C test option 1',137,0),(547,'C test option 2',137,0),(548,'C test option 3',137,1),(549,'C test option 0',138,0),(550,'C test option 1',138,0),(551,'C test option 2',138,0),(552,'C test option 3',138,1),(553,'C test option 0',139,0),(554,'C test option 1',139,0),(555,'C test option 2',139,0),(556,'C test option 3',139,1),(557,'C test option 0',140,0),(558,'C test option 1',140,0),(559,'C test option 2',140,0),(560,'C test option 3',140,1),(561,'C test option 0',141,0),(562,'C test option 1',141,0),(563,'C test option 2',141,0),(564,'C test option 3',141,1),(565,'C test option 0',142,0),(566,'C test option 1',142,0),(567,'C test option 2',142,0),(568,'C test option 3',142,1),(569,'C test option 0',143,0),(570,'C test option 1',143,0),(571,'C test option 2',143,0),(572,'C test option 3',143,1),(573,'C test option 0',144,0),(574,'C test option 1',144,0),(575,'C test option 2',144,0),(576,'C test option 3',144,1),(577,'C test option 0',145,0),(578,'C test option 1',145,0),(579,'C test option 2',145,0),(580,'C test option 3',145,1),(581,'C test option 0',146,0),(582,'C test option 1',146,0),(583,'C test option 2',146,0),(584,'C test option 3',146,1),(585,'C test option 0',147,0),(586,'C test option 1',147,0),(587,'C test option 2',147,0),(588,'C test option 3',147,1),(589,'C test option 0',148,0),(590,'C test option 1',148,0),(591,'C test option 2',148,0),(592,'C test option 3',148,1),(593,'C test option 0',149,0),(594,'C test option 1',149,0),(595,'C test option 2',149,0),(596,'C test option 3',149,1),(597,'C test option 0',150,0),(598,'C test option 1',150,0),(599,'C test option 2',150,0),(600,'C test option 3',150,1),(601,'Python test option 0',151,0),(602,'Python test option 1',151,0),(603,'Python test option 2',151,0),(604,'Python test option 3',151,1),(605,'Python test option 0',152,0),(606,'Python test option 1',152,0),(607,'Python test option 2',152,0),(608,'Python test option 3',152,1),(609,'Python test option 0',153,0),(610,'Python test option 1',153,0),(611,'Python test option 2',153,0),(612,'Python test option 3',153,1),(613,'Python test option 0',154,0),(614,'Python test option 1',154,0),(615,'Python test option 2',154,0),(616,'Python test option 3',154,1),(617,'Python test option 0',155,0),(618,'Python test option 1',155,0),(619,'Python test option 2',155,0),(620,'Python test option 3',155,1),(621,'Python test option 0',156,0),(622,'Python test option 1',156,0),(623,'Python test option 2',156,0),(624,'Python test option 3',156,1),(625,'Python test option 0',157,0),(626,'Python test option 1',157,0),(627,'Python test option 2',157,0),(628,'Python test option 3',157,1),(629,'Python test option 0',158,0),(630,'Python test option 1',158,0),(631,'Python test option 2',158,0),(632,'Python test option 3',158,1),(633,'Python test option 0',159,0),(634,'Python test option 1',159,0),(635,'Python test option 2',159,0),(636,'Python test option 3',159,1),(637,'Python test option 0',160,0),(638,'Python test option 1',160,0),(639,'Python test option 2',160,0),(640,'Python test option 3',160,1),(641,'Python test option 0',161,0),(642,'Python test option 1',161,0),(643,'Python test option 2',161,0),(644,'Python test option 3',161,1),(645,'Python test option 0',162,0),(646,'Python test option 1',162,0),(647,'Python test option 2',162,0),(648,'Python test option 3',162,1),(649,'Python test option 0',163,0),(650,'Python test option 1',163,0),(651,'Python test option 2',163,0),(652,'Python test option 3',163,1),(653,'Python test option 0',164,0),(654,'Python test option 1',164,0),(655,'Python test option 2',164,0),(656,'Python test option 3',164,1),(657,'Python test option 0',165,0),(658,'Python test option 1',165,0),(659,'Python test option 2',165,0),(660,'Python test option 3',165,1),(661,'Python test option 0',166,0),(662,'Python test option 1',166,0),(663,'Python test option 2',166,0),(664,'Python test option 3',166,1),(665,'Python test option 0',167,0),(666,'Python test option 1',167,0),(667,'Python test option 2',167,0),(668,'Python test option 3',167,1),(669,'Python test option 0',168,0),(670,'Python test option 1',168,0),(671,'Python test option 2',168,0),(672,'Python test option 3',168,1),(673,'Python test option 0',169,0),(674,'Python test option 1',169,0),(675,'Python test option 2',169,0),(676,'Python test option 3',169,1),(677,'Python test option 0',170,0),(678,'Python test option 1',170,0),(679,'Python test option 2',170,0),(680,'Python test option 3',170,1),(681,'Python test option 0',171,0),(682,'Python test option 1',171,0),(683,'Python test option 2',171,0),(684,'Python test option 3',171,1),(685,'Python test option 0',172,0),(686,'Python test option 1',172,0),(687,'Python test option 2',172,0),(688,'Python test option 3',172,1),(689,'Python test option 0',173,0),(690,'Python test option 1',173,0),(691,'Python test option 2',173,0),(692,'Python test option 3',173,1),(693,'Python test option 0',174,0),(694,'Python test option 1',174,0),(695,'Python test option 2',174,0),(696,'Python test option 3',174,1),(697,'Python test option 0',175,0),(698,'Python test option 1',175,0),(699,'Python test option 2',175,0),(700,'Python test option 3',175,1),(701,'Python test option 0',176,0),(702,'Python test option 1',176,0),(703,'Python test option 2',176,0),(704,'Python test option 3',176,1),(705,'Python test option 0',177,0),(706,'Python test option 1',177,0),(707,'Python test option 2',177,0),(708,'Python test option 3',177,1),(709,'Python test option 0',178,0),(710,'Python test option 1',178,0),(711,'Python test option 2',178,0),(712,'Python test option 3',178,1),(713,'Python test option 0',179,0),(714,'Python test option 1',179,0),(715,'Python test option 2',179,0),(716,'Python test option 3',179,1),(717,'Python test option 0',180,0),(718,'Python test option 1',180,0),(719,'Python test option 2',180,0),(720,'Python test option 3',180,1),(721,'Python test option 0',181,0),(722,'Python test option 1',181,0),(723,'Python test option 2',181,0),(724,'Python test option 3',181,1),(725,'Python test option 0',182,0),(726,'Python test option 1',182,0),(727,'Python test option 2',182,0),(728,'Python test option 3',182,1),(729,'Python test option 0',183,0),(730,'Python test option 1',183,0),(731,'Python test option 2',183,0),(732,'Python test option 3',183,1),(733,'Python test option 0',184,0),(734,'Python test option 1',184,0),(735,'Python test option 2',184,0),(736,'Python test option 3',184,1),(737,'Python test option 0',185,0),(738,'Python test option 1',185,0),(739,'Python test option 2',185,0),(740,'Python test option 3',185,1),(741,'Python test option 0',186,0),(742,'Python test option 1',186,0),(743,'Python test option 2',186,0),(744,'Python test option 3',186,1),(745,'Python test option 0',187,0),(746,'Python test option 1',187,0),(747,'Python test option 2',187,0),(748,'Python test option 3',187,1),(749,'Python test option 0',188,0),(750,'Python test option 1',188,0),(751,'Python test option 2',188,0),(752,'Python test option 3',188,1),(753,'Python test option 0',189,0),(754,'Python test option 1',189,0),(755,'Python test option 2',189,0),(756,'Python test option 3',189,1),(757,'Python test option 0',190,0),(758,'Python test option 1',190,0),(759,'Python test option 2',190,0),(760,'Python test option 3',190,1),(761,'Python test option 0',191,0),(762,'Python test option 1',191,0),(763,'Python test option 2',191,0),(764,'Python test option 3',191,1),(765,'Python test option 0',192,0),(766,'Python test option 1',192,0),(767,'Python test option 2',192,0),(768,'Python test option 3',192,1),(769,'Python test option 0',193,0),(770,'Python test option 1',193,0),(771,'Python test option 2',193,0),(772,'Python test option 3',193,1),(773,'Python test option 0',194,0),(774,'Python test option 1',194,0),(775,'Python test option 2',194,0),(776,'Python test option 3',194,1),(777,'Python test option 0',195,0),(778,'Python test option 1',195,0),(779,'Python test option 2',195,0),(780,'Python test option 3',195,1),(781,'Python test option 0',196,0),(782,'Python test option 1',196,0),(783,'Python test option 2',196,0),(784,'Python test option 3',196,1),(785,'Python test option 0',197,0),(786,'Python test option 1',197,0),(787,'Python test option 2',197,0),(788,'Python test option 3',197,1),(789,'Python test option 0',198,0),(790,'Python test option 1',198,0),(791,'Python test option 2',198,0),(792,'Python test option 3',198,1),(793,'Python test option 0',199,0),(794,'Python test option 1',199,0),(795,'Python test option 2',199,0),(796,'Python test option 3',199,1),(797,'Python test option 0',200,0),(798,'Python test option 1',200,0),(799,'Python test option 2',200,0),(800,'Python test option 3',200,1),(801,'Spring test option 0',201,0),(802,'Spring test option 1',201,0),(803,'Spring test option 2',201,0),(804,'Spring test option 3',201,1),(805,'Spring test option 0',202,0),(806,'Spring test option 1',202,0),(807,'Spring test option 2',202,0),(808,'Spring test option 3',202,1),(809,'Spring test option 0',203,0),(810,'Spring test option 1',203,0),(811,'Spring test option 2',203,0),(812,'Spring test option 3',203,1),(813,'Spring test option 0',204,0),(814,'Spring test option 1',204,0),(815,'Spring test option 2',204,0),(816,'Spring test option 3',204,1),(817,'Spring test option 0',205,0),(818,'Spring test option 1',205,0),(819,'Spring test option 2',205,0),(820,'Spring test option 3',205,1),(821,'Spring test option 0',206,0),(822,'Spring test option 1',206,0),(823,'Spring test option 2',206,0),(824,'Spring test option 3',206,1),(825,'Spring test option 0',207,0),(826,'Spring test option 1',207,0),(827,'Spring test option 2',207,0),(828,'Spring test option 3',207,1),(829,'Spring test option 0',208,0),(830,'Spring test option 1',208,0),(831,'Spring test option 2',208,0),(832,'Spring test option 3',208,1),(833,'Spring test option 0',209,0),(834,'Spring test option 1',209,0),(835,'Spring test option 2',209,0),(836,'Spring test option 3',209,1),(837,'Spring test option 0',210,0),(838,'Spring test option 1',210,0),(839,'Spring test option 2',210,0),(840,'Spring test option 3',210,1),(841,'Spring test option 0',211,0),(842,'Spring test option 1',211,0),(843,'Spring test option 2',211,0),(844,'Spring test option 3',211,1),(845,'Spring test option 0',212,0),(846,'Spring test option 1',212,0),(847,'Spring test option 2',212,0),(848,'Spring test option 3',212,1),(849,'Spring test option 0',213,0),(850,'Spring test option 1',213,0),(851,'Spring test option 2',213,0),(852,'Spring test option 3',213,1),(853,'Spring test option 0',214,0),(854,'Spring test option 1',214,0),(855,'Spring test option 2',214,0),(856,'Spring test option 3',214,1),(857,'Spring test option 0',215,0),(858,'Spring test option 1',215,0),(859,'Spring test option 2',215,0),(860,'Spring test option 3',215,1),(861,'Spring test option 0',216,0),(862,'Spring test option 1',216,0),(863,'Spring test option 2',216,0),(864,'Spring test option 3',216,1),(865,'Spring test option 0',217,0),(866,'Spring test option 1',217,0),(867,'Spring test option 2',217,0),(868,'Spring test option 3',217,1),(869,'Spring test option 0',218,0),(870,'Spring test option 1',218,0),(871,'Spring test option 2',218,0),(872,'Spring test option 3',218,1),(873,'Spring test option 0',219,0),(874,'Spring test option 1',219,0),(875,'Spring test option 2',219,0),(876,'Spring test option 3',219,1),(877,'Spring test option 0',220,0),(878,'Spring test option 1',220,0),(879,'Spring test option 2',220,0),(880,'Spring test option 3',220,1),(881,'Spring test option 0',221,0),(882,'Spring test option 1',221,0),(883,'Spring test option 2',221,0),(884,'Spring test option 3',221,1),(885,'Spring test option 0',222,0),(886,'Spring test option 1',222,0),(887,'Spring test option 2',222,0),(888,'Spring test option 3',222,1),(889,'Spring test option 0',223,0),(890,'Spring test option 1',223,0),(891,'Spring test option 2',223,0),(892,'Spring test option 3',223,1),(893,'Spring test option 0',224,0),(894,'Spring test option 1',224,0),(895,'Spring test option 2',224,0),(896,'Spring test option 3',224,1),(897,'Spring test option 0',225,0),(898,'Spring test option 1',225,0),(899,'Spring test option 2',225,0),(900,'Spring test option 3',225,1),(901,'Spring test option 0',226,0),(902,'Spring test option 1',226,0),(903,'Spring test option 2',226,0),(904,'Spring test option 3',226,1),(905,'Spring test option 0',227,0),(906,'Spring test option 1',227,0),(907,'Spring test option 2',227,0),(908,'Spring test option 3',227,1),(909,'Spring test option 0',228,0),(910,'Spring test option 1',228,0),(911,'Spring test option 2',228,0),(912,'Spring test option 3',228,1),(913,'Spring test option 0',229,0),(914,'Spring test option 1',229,0),(915,'Spring test option 2',229,0),(916,'Spring test option 3',229,1),(917,'Spring test option 0',230,0),(918,'Spring test option 1',230,0),(919,'Spring test option 2',230,0),(920,'Spring test option 3',230,1),(921,'Spring test option 0',231,0),(922,'Spring test option 1',231,0),(923,'Spring test option 2',231,0),(924,'Spring test option 3',231,1),(925,'Spring test option 0',232,0),(926,'Spring test option 1',232,0),(927,'Spring test option 2',232,0),(928,'Spring test option 3',232,1),(929,'Spring test option 0',233,0),(930,'Spring test option 1',233,0),(931,'Spring test option 2',233,0),(932,'Spring test option 3',233,1),(933,'Spring test option 0',234,0),(934,'Spring test option 1',234,0),(935,'Spring test option 2',234,0),(936,'Spring test option 3',234,1),(937,'Spring test option 0',235,0),(938,'Spring test option 1',235,0),(939,'Spring test option 2',235,0),(940,'Spring test option 3',235,1),(941,'Spring test option 0',236,0),(942,'Spring test option 1',236,0),(943,'Spring test option 2',236,0),(944,'Spring test option 3',236,1),(945,'Spring test option 0',237,0),(946,'Spring test option 1',237,0),(947,'Spring test option 2',237,0),(948,'Spring test option 3',237,1),(949,'Spring test option 0',238,0),(950,'Spring test option 1',238,0),(951,'Spring test option 2',238,0),(952,'Spring test option 3',238,1),(953,'Spring test option 0',239,0),(954,'Spring test option 1',239,0),(955,'Spring test option 2',239,0),(956,'Spring test option 3',239,1),(957,'Spring test option 0',240,0),(958,'Spring test option 1',240,0),(959,'Spring test option 2',240,0),(960,'Spring test option 3',240,1),(961,'Spring test option 0',241,0),(962,'Spring test option 1',241,0),(963,'Spring test option 2',241,0),(964,'Spring test option 3',241,1),(965,'Spring test option 0',242,0),(966,'Spring test option 1',242,0),(967,'Spring test option 2',242,0),(968,'Spring test option 3',242,1),(969,'Spring test option 0',243,0),(970,'Spring test option 1',243,0),(971,'Spring test option 2',243,0),(972,'Spring test option 3',243,1),(973,'Spring test option 0',244,0),(974,'Spring test option 1',244,0),(975,'Spring test option 2',244,0),(976,'Spring test option 3',244,1),(977,'Spring test option 0',245,0),(978,'Spring test option 1',245,0),(979,'Spring test option 2',245,0),(980,'Spring test option 3',245,1),(981,'Spring test option 0',246,0),(982,'Spring test option 1',246,0),(983,'Spring test option 2',246,0),(984,'Spring test option 3',246,1),(985,'Spring test option 0',247,0),(986,'Spring test option 1',247,0),(987,'Spring test option 2',247,0),(988,'Spring test option 3',247,1),(989,'Spring test option 0',248,0),(990,'Spring test option 1',248,0),(991,'Spring test option 2',248,0),(992,'Spring test option 3',248,1),(993,'Spring test option 0',249,0),(994,'Spring test option 1',249,0),(995,'Spring test option 2',249,0),(996,'Spring test option 3',249,1),(997,'Spring test option 0',250,0),(998,'Spring test option 1',250,0),(999,'Spring test option 2',250,0),(1000,'Spring test option 3',250,1),(1001,'Mybatis test option 0',251,0),(1002,'Mybatis test option 1',251,0),(1003,'Mybatis test option 2',251,0),(1004,'Mybatis test option 3',251,1),(1005,'Mybatis test option 0',252,0),(1006,'Mybatis test option 1',252,0),(1007,'Mybatis test option 2',252,0),(1008,'Mybatis test option 3',252,1),(1009,'Mybatis test option 0',253,0),(1010,'Mybatis test option 1',253,0),(1011,'Mybatis test option 2',253,0),(1012,'Mybatis test option 3',253,1),(1013,'Mybatis test option 0',254,0),(1014,'Mybatis test option 1',254,0),(1015,'Mybatis test option 2',254,0),(1016,'Mybatis test option 3',254,1),(1017,'Mybatis test option 0',255,0),(1018,'Mybatis test option 1',255,0),(1019,'Mybatis test option 2',255,0),(1020,'Mybatis test option 3',255,1),(1021,'Mybatis test option 0',256,0),(1022,'Mybatis test option 1',256,0),(1023,'Mybatis test option 2',256,0),(1024,'Mybatis test option 3',256,1),(1025,'Mybatis test option 0',257,0),(1026,'Mybatis test option 1',257,0),(1027,'Mybatis test option 2',257,0),(1028,'Mybatis test option 3',257,1),(1029,'Mybatis test option 0',258,0),(1030,'Mybatis test option 1',258,0),(1031,'Mybatis test option 2',258,0),(1032,'Mybatis test option 3',258,1),(1033,'Mybatis test option 0',259,0),(1034,'Mybatis test option 1',259,0),(1035,'Mybatis test option 2',259,0),(1036,'Mybatis test option 3',259,1),(1037,'Mybatis test option 0',260,0),(1038,'Mybatis test option 1',260,0),(1039,'Mybatis test option 2',260,0),(1040,'Mybatis test option 3',260,1),(1041,'Mybatis test option 0',261,0),(1042,'Mybatis test option 1',261,0),(1043,'Mybatis test option 2',261,0),(1044,'Mybatis test option 3',261,1),(1045,'Mybatis test option 0',262,0),(1046,'Mybatis test option 1',262,0),(1047,'Mybatis test option 2',262,0),(1048,'Mybatis test option 3',262,1),(1049,'Mybatis test option 0',263,0),(1050,'Mybatis test option 1',263,0),(1051,'Mybatis test option 2',263,0),(1052,'Mybatis test option 3',263,1),(1053,'Mybatis test option 0',264,0),(1054,'Mybatis test option 1',264,0),(1055,'Mybatis test option 2',264,0),(1056,'Mybatis test option 3',264,1),(1057,'Mybatis test option 0',265,0),(1058,'Mybatis test option 1',265,0),(1059,'Mybatis test option 2',265,0),(1060,'Mybatis test option 3',265,1),(1061,'Mybatis test option 0',266,0),(1062,'Mybatis test option 1',266,0),(1063,'Mybatis test option 2',266,0),(1064,'Mybatis test option 3',266,1),(1065,'Mybatis test option 0',267,0),(1066,'Mybatis test option 1',267,0),(1067,'Mybatis test option 2',267,0),(1068,'Mybatis test option 3',267,1),(1069,'Mybatis test option 0',268,0),(1070,'Mybatis test option 1',268,0),(1071,'Mybatis test option 2',268,0),(1072,'Mybatis test option 3',268,1),(1073,'Mybatis test option 0',269,0),(1074,'Mybatis test option 1',269,0),(1075,'Mybatis test option 2',269,0),(1076,'Mybatis test option 3',269,1),(1077,'Mybatis test option 0',270,0),(1078,'Mybatis test option 1',270,0),(1079,'Mybatis test option 2',270,0),(1080,'Mybatis test option 3',270,1),(1081,'Mybatis test option 0',271,0),(1082,'Mybatis test option 1',271,0),(1083,'Mybatis test option 2',271,0),(1084,'Mybatis test option 3',271,1),(1085,'Mybatis test option 0',272,0),(1086,'Mybatis test option 1',272,0),(1087,'Mybatis test option 2',272,0),(1088,'Mybatis test option 3',272,1),(1089,'Mybatis test option 0',273,0),(1090,'Mybatis test option 1',273,0),(1091,'Mybatis test option 2',273,0),(1092,'Mybatis test option 3',273,1),(1093,'Mybatis test option 0',274,0),(1094,'Mybatis test option 1',274,0),(1095,'Mybatis test option 2',274,0),(1096,'Mybatis test option 3',274,1),(1097,'Mybatis test option 0',275,0),(1098,'Mybatis test option 1',275,0),(1099,'Mybatis test option 2',275,0),(1100,'Mybatis test option 3',275,1),(1101,'Mybatis test option 0',276,0),(1102,'Mybatis test option 1',276,0),(1103,'Mybatis test option 2',276,0),(1104,'Mybatis test option 3',276,1),(1105,'Mybatis test option 0',277,0),(1106,'Mybatis test option 1',277,0),(1107,'Mybatis test option 2',277,0),(1108,'Mybatis test option 3',277,1),(1109,'Mybatis test option 0',278,0),(1110,'Mybatis test option 1',278,0),(1111,'Mybatis test option 2',278,0),(1112,'Mybatis test option 3',278,1),(1113,'Mybatis test option 0',279,0),(1114,'Mybatis test option 1',279,0),(1115,'Mybatis test option 2',279,0),(1116,'Mybatis test option 3',279,1),(1117,'Mybatis test option 0',280,0),(1118,'Mybatis test option 1',280,0),(1119,'Mybatis test option 2',280,0),(1120,'Mybatis test option 3',280,1),(1121,'Mybatis test option 0',281,0),(1122,'Mybatis test option 1',281,0),(1123,'Mybatis test option 2',281,0),(1124,'Mybatis test option 3',281,1),(1125,'Mybatis test option 0',282,0),(1126,'Mybatis test option 1',282,0),(1127,'Mybatis test option 2',282,0),(1128,'Mybatis test option 3',282,1),(1129,'Mybatis test option 0',283,0),(1130,'Mybatis test option 1',283,0),(1131,'Mybatis test option 2',283,0),(1132,'Mybatis test option 3',283,1),(1133,'Mybatis test option 0',284,0),(1134,'Mybatis test option 1',284,0),(1135,'Mybatis test option 2',284,0),(1136,'Mybatis test option 3',284,1),(1137,'Mybatis test option 0',285,0),(1138,'Mybatis test option 1',285,0),(1139,'Mybatis test option 2',285,0),(1140,'Mybatis test option 3',285,1),(1141,'Mybatis test option 0',286,0),(1142,'Mybatis test option 1',286,0),(1143,'Mybatis test option 2',286,0),(1144,'Mybatis test option 3',286,1),(1145,'Mybatis test option 0',287,0),(1146,'Mybatis test option 1',287,0),(1147,'Mybatis test option 2',287,0),(1148,'Mybatis test option 3',287,1),(1149,'Mybatis test option 0',288,0),(1150,'Mybatis test option 1',288,0),(1151,'Mybatis test option 2',288,0),(1152,'Mybatis test option 3',288,1),(1153,'Mybatis test option 0',289,0),(1154,'Mybatis test option 1',289,0),(1155,'Mybatis test option 2',289,0),(1156,'Mybatis test option 3',289,1),(1157,'Mybatis test option 0',290,0),(1158,'Mybatis test option 1',290,0),(1159,'Mybatis test option 2',290,0),(1160,'Mybatis test option 3',290,1),(1161,'Mybatis test option 0',291,0),(1162,'Mybatis test option 1',291,0),(1163,'Mybatis test option 2',291,0),(1164,'Mybatis test option 3',291,1),(1165,'Mybatis test option 0',292,0),(1166,'Mybatis test option 1',292,0),(1167,'Mybatis test option 2',292,0),(1168,'Mybatis test option 3',292,1),(1169,'Mybatis test option 0',293,0),(1170,'Mybatis test option 1',293,0),(1171,'Mybatis test option 2',293,0),(1172,'Mybatis test option 3',293,1),(1173,'Mybatis test option 0',294,0),(1174,'Mybatis test option 1',294,0),(1175,'Mybatis test option 2',294,0),(1176,'Mybatis test option 3',294,1),(1177,'Mybatis test option 0',295,0),(1178,'Mybatis test option 1',295,0),(1179,'Mybatis test option 2',295,0),(1180,'Mybatis test option 3',295,1),(1181,'Mybatis test option 0',296,0),(1182,'Mybatis test option 1',296,0),(1183,'Mybatis test option 2',296,0),(1184,'Mybatis test option 3',296,1),(1185,'Mybatis test option 0',297,0),(1186,'Mybatis test option 1',297,0),(1187,'Mybatis test option 2',297,0),(1188,'Mybatis test option 3',297,1),(1189,'Mybatis test option 0',298,0),(1190,'Mybatis test option 1',298,0),(1191,'Mybatis test option 2',298,0),(1192,'Mybatis test option 3',298,1),(1193,'Mybatis test option 0',299,0),(1194,'Mybatis test option 1',299,0),(1195,'Mybatis test option 2',299,0),(1196,'Mybatis test option 3',299,1),(1197,'Mybatis test option 0',300,0),(1198,'Mybatis test option 1',300,0),(1199,'Mybatis test option 2',300,0),(1200,'Mybatis test option 3',300,1);

/*Table structure for table `tb_province` */

DROP TABLE IF EXISTS `tb_province`;

CREATE TABLE `tb_province` (
  `pid` int(11) NOT NULL AUTO_INCREMENT,
  `name` varchar(50) DEFAULT NULL,
  PRIMARY KEY (`pid`)
) ENGINE=InnoDB AUTO_INCREMENT=35 DEFAULT CHARSET=utf8;

/*Data for the table `tb_province` */

insert  into `tb_province`(`pid`,`name`) values (1,'北京'),(2,'天津'),(3,'河北'),(4,'山西'),(5,'内蒙古'),(6,'辽宁'),(7,'吉林'),(8,'黑龙江'),(9,'上海'),(10,'江苏'),(11,'浙江'),(12,'安徽'),(13,'福建'),(14,'江西'),(15,'山东'),(16,'河南'),(17,'湖北'),(18,'湖南'),(19,'广东'),(20,'广西'),(21,'海南'),(22,'重庆'),(23,'四川'),(24,'贵州'),(25,'云南'),(26,'西藏'),(27,'陕西'),(28,'甘肃'),(29,'青海'),(30,'宁夏'),(31,'新疆'),(32,'香港'),(33,'澳门'),(34,'台湾');

/*Table structure for table `tb_reply` */

DROP TABLE IF EXISTS `tb_reply`;

CREATE TABLE `tb_reply` (
  `replyId` int(4) NOT NULL AUTO_INCREMENT,
  `replyContent` varchar(100) NOT NULL,
  `replyCreateDate` timestamp NOT NULL DEFAULT CURRENT_TIMESTAMP ON UPDATE CURRENT_TIMESTAMP,
  `commentId` int(4) NOT NULL,
  `replyFatherId` int(4) DEFAULT NULL,
  `uid` char(32) NOT NULL,
  PRIMARY KEY (`replyId`),
  KEY `commentId` (`commentId`),
  KEY `uid` (`uid`),
  CONSTRAINT `tb_reply_ibfk_1` FOREIGN KEY (`commentId`) REFERENCES `tb_comment` (`commentId`),
  CONSTRAINT `tb_reply_ibfk_2` FOREIGN KEY (`uid`) REFERENCES `tb_user` (`uid`)
) ENGINE=InnoDB DEFAULT CHARSET=utf8;

/*Data for the table `tb_reply` */

/*Table structure for table `tb_topic` */

DROP TABLE IF EXISTS `tb_topic`;

CREATE TABLE `tb_topic` (
  `topicId` int(4) NOT NULL AUTO_INCREMENT,
  `topicComment` varchar(50) NOT NULL,
  `classifyId` int(4) NOT NULL,
  `analysis` varchar(50) DEFAULT 'test',
  PRIMARY KEY (`topicId`),
  KEY `classifyId` (`classifyId`),
  CONSTRAINT `tb_topic_ibfk_1` FOREIGN KEY (`classifyId`) REFERENCES `tb_classify` (`classifyId`)
) ENGINE=InnoDB AUTO_INCREMENT=301 DEFAULT CHARSET=utf8;

/*Data for the table `tb_topic` */

insert  into `tb_topic`(`topicId`,`topicComment`,`classifyId`,`analysis`) values (1,'JAVA test topic 0',1,'test'),(2,'JAVA test topic 1',1,'test'),(3,'JAVA test topic 2',1,'test'),(4,'JAVA test topic 3',1,'test'),(5,'JAVA test topic 4',1,'test'),(6,'JAVA test topic 5',1,'test'),(7,'JAVA test topic 6',1,'test'),(8,'JAVA test topic 7',1,'test'),(9,'JAVA test topic 8',1,'test'),(10,'JAVA test topic 9',1,'test'),(11,'JAVA test topic 10',1,'test'),(12,'JAVA test topic 11',1,'test'),(13,'JAVA test topic 12',1,'test'),(14,'JAVA test topic 13',1,'test'),(15,'JAVA test topic 14',1,'test'),(16,'JAVA test topic 15',1,'test'),(17,'JAVA test topic 16',1,'test'),(18,'JAVA test topic 17',1,'test'),(19,'JAVA test topic 18',1,'test'),(20,'JAVA test topic 19',1,'test'),(21,'JAVA test topic 20',1,'test'),(22,'JAVA test topic 21',1,'test'),(23,'JAVA test topic 22',1,'test'),(24,'JAVA test topic 23',1,'test'),(25,'JAVA test topic 24',1,'test'),(26,'JAVA test topic 25',1,'test'),(27,'JAVA test topic 26',1,'test'),(28,'JAVA test topic 27',1,'test'),(29,'JAVA test topic 28',1,'test'),(30,'JAVA test topic 29',1,'test'),(31,'JAVA test topic 30',1,'test'),(32,'JAVA test topic 31',1,'test'),(33,'JAVA test topic 32',1,'test'),(34,'JAVA test topic 33',1,'test'),(35,'JAVA test topic 34',1,'test'),(36,'JAVA test topic 35',1,'test'),(37,'JAVA test topic 36',1,'test'),(38,'JAVA test topic 37',1,'test'),(39,'JAVA test topic 38',1,'test'),(40,'JAVA test topic 39',1,'test'),(41,'JAVA test topic 40',1,'test'),(42,'JAVA test topic 41',1,'test'),(43,'JAVA test topic 42',1,'test'),(44,'JAVA test topic 43',1,'test'),(45,'JAVA test topic 44',1,'test'),(46,'JAVA test topic 45',1,'test'),(47,'JAVA test topic 46',1,'test'),(48,'JAVA test topic 47',1,'test'),(49,'JAVA test topic 48',1,'test'),(50,'JAVA test topic 49',1,'test'),(51,'C++ test topic 0',2,'test'),(52,'C++ test topic 1',2,'test'),(53,'C++ test topic 2',2,'test'),(54,'C++ test topic 3',2,'test'),(55,'C++ test topic 4',2,'test'),(56,'C++ test topic 5',2,'test'),(57,'C++ test topic 6',2,'test'),(58,'C++ test topic 7',2,'test'),(59,'C++ test topic 8',2,'test'),(60,'C++ test topic 9',2,'test'),(61,'C++ test topic 10',2,'test'),(62,'C++ test topic 11',2,'test'),(63,'C++ test topic 12',2,'test'),(64,'C++ test topic 13',2,'test'),(65,'C++ test topic 14',2,'test'),(66,'C++ test topic 15',2,'test'),(67,'C++ test topic 16',2,'test'),(68,'C++ test topic 17',2,'test'),(69,'C++ test topic 18',2,'test'),(70,'C++ test topic 19',2,'test'),(71,'C++ test topic 20',2,'test'),(72,'C++ test topic 21',2,'test'),(73,'C++ test topic 22',2,'test'),(74,'C++ test topic 23',2,'test'),(75,'C++ test topic 24',2,'test'),(76,'C++ test topic 25',2,'test'),(77,'C++ test topic 26',2,'test'),(78,'C++ test topic 27',2,'test'),(79,'C++ test topic 28',2,'test'),(80,'C++ test topic 29',2,'test'),(81,'C++ test topic 30',2,'test'),(82,'C++ test topic 31',2,'test'),(83,'C++ test topic 32',2,'test'),(84,'C++ test topic 33',2,'test'),(85,'C++ test topic 34',2,'test'),(86,'C++ test topic 35',2,'test'),(87,'C++ test topic 36',2,'test'),(88,'C++ test topic 37',2,'test'),(89,'C++ test topic 38',2,'test'),(90,'C++ test topic 39',2,'test'),(91,'C++ test topic 40',2,'test'),(92,'C++ test topic 41',2,'test'),(93,'C++ test topic 42',2,'test'),(94,'C++ test topic 43',2,'test'),(95,'C++ test topic 44',2,'test'),(96,'C++ test topic 45',2,'test'),(97,'C++ test topic 46',2,'test'),(98,'C++ test topic 47',2,'test'),(99,'C++ test topic 48',2,'test'),(100,'C++ test topic 49',2,'test'),(101,'C test topic 0',3,'test'),(102,'C test topic 1',3,'test'),(103,'C test topic 2',3,'test'),(104,'C test topic 3',3,'test'),(105,'C test topic 4',3,'test'),(106,'C test topic 5',3,'test'),(107,'C test topic 6',3,'test'),(108,'C test topic 7',3,'test'),(109,'C test topic 8',3,'test'),(110,'C test topic 9',3,'test'),(111,'C test topic 10',3,'test'),(112,'C test topic 11',3,'test'),(113,'C test topic 12',3,'test'),(114,'C test topic 13',3,'test'),(115,'C test topic 14',3,'test'),(116,'C test topic 15',3,'test'),(117,'C test topic 16',3,'test'),(118,'C test topic 17',3,'test'),(119,'C test topic 18',3,'test'),(120,'C test topic 19',3,'test'),(121,'C test topic 20',3,'test'),(122,'C test topic 21',3,'test'),(123,'C test topic 22',3,'test'),(124,'C test topic 23',3,'test'),(125,'C test topic 24',3,'test'),(126,'C test topic 25',3,'test'),(127,'C test topic 26',3,'test'),(128,'C test topic 27',3,'test'),(129,'C test topic 28',3,'test'),(130,'C test topic 29',3,'test'),(131,'C test topic 30',3,'test'),(132,'C test topic 31',3,'test'),(133,'C test topic 32',3,'test'),(134,'C test topic 33',3,'test'),(135,'C test topic 34',3,'test'),(136,'C test topic 35',3,'test'),(137,'C test topic 36',3,'test'),(138,'C test topic 37',3,'test'),(139,'C test topic 38',3,'test'),(140,'C test topic 39',3,'test'),(141,'C test topic 40',3,'test'),(142,'C test topic 41',3,'test'),(143,'C test topic 42',3,'test'),(144,'C test topic 43',3,'test'),(145,'C test topic 44',3,'test'),(146,'C test topic 45',3,'test'),(147,'C test topic 46',3,'test'),(148,'C test topic 47',3,'test'),(149,'C test topic 48',3,'test'),(150,'C test topic 49',3,'test'),(151,'Python test topic 0',4,'test'),(152,'Python test topic 1',4,'test'),(153,'Python test topic 2',4,'test'),(154,'Python test topic 3',4,'test'),(155,'Python test topic 4',4,'test'),(156,'Python test topic 5',4,'test'),(157,'Python test topic 6',4,'test'),(158,'Python test topic 7',4,'test'),(159,'Python test topic 8',4,'test'),(160,'Python test topic 9',4,'test'),(161,'Python test topic 10',4,'test'),(162,'Python test topic 11',4,'test'),(163,'Python test topic 12',4,'test'),(164,'Python test topic 13',4,'test'),(165,'Python test topic 14',4,'test'),(166,'Python test topic 15',4,'test'),(167,'Python test topic 16',4,'test'),(168,'Python test topic 17',4,'test'),(169,'Python test topic 18',4,'test'),(170,'Python test topic 19',4,'test'),(171,'Python test topic 20',4,'test'),(172,'Python test topic 21',4,'test'),(173,'Python test topic 22',4,'test'),(174,'Python test topic 23',4,'test'),(175,'Python test topic 24',4,'test'),(176,'Python test topic 25',4,'test'),(177,'Python test topic 26',4,'test'),(178,'Python test topic 27',4,'test'),(179,'Python test topic 28',4,'test'),(180,'Python test topic 29',4,'test'),(181,'Python test topic 30',4,'test'),(182,'Python test topic 31',4,'test'),(183,'Python test topic 32',4,'test'),(184,'Python test topic 33',4,'test'),(185,'Python test topic 34',4,'test'),(186,'Python test topic 35',4,'test'),(187,'Python test topic 36',4,'test'),(188,'Python test topic 37',4,'test'),(189,'Python test topic 38',4,'test'),(190,'Python test topic 39',4,'test'),(191,'Python test topic 40',4,'test'),(192,'Python test topic 41',4,'test'),(193,'Python test topic 42',4,'test'),(194,'Python test topic 43',4,'test'),(195,'Python test topic 44',4,'test'),(196,'Python test topic 45',4,'test'),(197,'Python test topic 46',4,'test'),(198,'Python test topic 47',4,'test'),(199,'Python test topic 48',4,'test'),(200,'Python test topic 49',4,'test'),(201,'Spring test topic 0',5,'test'),(202,'Spring test topic 1',5,'test'),(203,'Spring test topic 2',5,'test'),(204,'Spring test topic 3',5,'test'),(205,'Spring test topic 4',5,'test'),(206,'Spring test topic 5',5,'test'),(207,'Spring test topic 6',5,'test'),(208,'Spring test topic 7',5,'test'),(209,'Spring test topic 8',5,'test'),(210,'Spring test topic 9',5,'test'),(211,'Spring test topic 10',5,'test'),(212,'Spring test topic 11',5,'test'),(213,'Spring test topic 12',5,'test'),(214,'Spring test topic 13',5,'test'),(215,'Spring test topic 14',5,'test'),(216,'Spring test topic 15',5,'test'),(217,'Spring test topic 16',5,'test'),(218,'Spring test topic 17',5,'test'),(219,'Spring test topic 18',5,'test'),(220,'Spring test topic 19',5,'test'),(221,'Spring test topic 20',5,'test'),(222,'Spring test topic 21',5,'test'),(223,'Spring test topic 22',5,'test'),(224,'Spring test topic 23',5,'test'),(225,'Spring test topic 24',5,'test'),(226,'Spring test topic 25',5,'test'),(227,'Spring test topic 26',5,'test'),(228,'Spring test topic 27',5,'test'),(229,'Spring test topic 28',5,'test'),(230,'Spring test topic 29',5,'test'),(231,'Spring test topic 30',5,'test'),(232,'Spring test topic 31',5,'test'),(233,'Spring test topic 32',5,'test'),(234,'Spring test topic 33',5,'test'),(235,'Spring test topic 34',5,'test'),(236,'Spring test topic 35',5,'test'),(237,'Spring test topic 36',5,'test'),(238,'Spring test topic 37',5,'test'),(239,'Spring test topic 38',5,'test'),(240,'Spring test topic 39',5,'test'),(241,'Spring test topic 40',5,'test'),(242,'Spring test topic 41',5,'test'),(243,'Spring test topic 42',5,'test'),(244,'Spring test topic 43',5,'test'),(245,'Spring test topic 44',5,'test'),(246,'Spring test topic 45',5,'test'),(247,'Spring test topic 46',5,'test'),(248,'Spring test topic 47',5,'test'),(249,'Spring test topic 48',5,'test'),(250,'Spring test topic 49',5,'test'),(251,'Mybatis test topic 0',6,'test'),(252,'Mybatis test topic 1',6,'test'),(253,'Mybatis test topic 2',6,'test'),(254,'Mybatis test topic 3',6,'test'),(255,'Mybatis test topic 4',6,'test'),(256,'Mybatis test topic 5',6,'test'),(257,'Mybatis test topic 6',6,'test'),(258,'Mybatis test topic 7',6,'test'),(259,'Mybatis test topic 8',6,'test'),(260,'Mybatis test topic 9',6,'test'),(261,'Mybatis test topic 10',6,'test'),(262,'Mybatis test topic 11',6,'test'),(263,'Mybatis test topic 12',6,'test'),(264,'Mybatis test topic 13',6,'test'),(265,'Mybatis test topic 14',6,'test'),(266,'Mybatis test topic 15',6,'test'),(267,'Mybatis test topic 16',6,'test'),(268,'Mybatis test topic 17',6,'test'),(269,'Mybatis test topic 18',6,'test'),(270,'Mybatis test topic 19',6,'test'),(271,'Mybatis test topic 20',6,'test'),(272,'Mybatis test topic 21',6,'test'),(273,'Mybatis test topic 22',6,'test'),(274,'Mybatis test topic 23',6,'test'),(275,'Mybatis test topic 24',6,'test'),(276,'Mybatis test topic 25',6,'test'),(277,'Mybatis test topic 26',6,'test'),(278,'Mybatis test topic 27',6,'test'),(279,'Mybatis test topic 28',6,'test'),(280,'Mybatis test topic 29',6,'test'),(281,'Mybatis test topic 30',6,'test'),(282,'Mybatis test topic 31',6,'test'),(283,'Mybatis test topic 32',6,'test'),(284,'Mybatis test topic 33',6,'test'),(285,'Mybatis test topic 34',6,'test'),(286,'Mybatis test topic 35',6,'test'),(287,'Mybatis test topic 36',6,'test'),(288,'Mybatis test topic 37',6,'test'),(289,'Mybatis test topic 38',6,'test'),(290,'Mybatis test topic 39',6,'test'),(291,'Mybatis test topic 40',6,'test'),(292,'Mybatis test topic 41',6,'test'),(293,'Mybatis test topic 42',6,'test'),(294,'Mybatis test topic 43',6,'test'),(295,'Mybatis test topic 44',6,'test'),(296,'Mybatis test topic 45',6,'test'),(297,'Mybatis test topic 46',6,'test'),(298,'Mybatis test topic 47',6,'test'),(299,'Mybatis test topic 48',6,'test'),(300,'Mybatis test topic 49',6,'test');

/*Table structure for table `tb_user` */

DROP TABLE IF EXISTS `tb_user`;

CREATE TABLE `tb_user` (
  `uid` char(32) NOT NULL,
  `uname` char(255) NOT NULL,
  `password` char(32) NOT NULL,
  `email` char(32) NOT NULL,
  `phone` char(11) DEFAULT NULL,
  `sex` tinyint(4) NOT NULL DEFAULT '1',
  `VIP` tinyint(4) NOT NULL DEFAULT '0',
  `address` varchar(100) DEFAULT '-1',
  `image` varchar(255) NOT NULL DEFAULT '/static/img/userHeadImg/user.png',
  `status` tinyint(1) NOT NULL DEFAULT '1',
  PRIMARY KEY (`uid`),
  UNIQUE KEY `idx_uqe_uname` (`uname`),
  UNIQUE KEY `idx_uqe-uname` (`email`)
) ENGINE=InnoDB DEFAULT CHARSET=utf8;

/*Data for the table `tb_user` */

insert  into `tb_user`(`uid`,`uname`,`password`,`email`,`phone`,`sex`,`VIP`,`address`,`image`,`status`) values ('56c5d3e5e3d143cbaaadd3f3dadb48d3','lkk123','6881ced4290b8ddb5c858e816827de23','963087276@qq.com','15116407457',0,0,'220','/static/img/userHeadImg/56c5d3e5e3d143cbaaadd3f3dadb48d3.jpg',1),('5a7f9026662b402bb5cd1063078dfe78','lkkk12','e1ab306303443d9ad217e5ed8cebded3','fenzilkk@gmail.com','15111645231',0,0,'248','/static/img/userHeadImg/5a7f9026662b402bb5cd1063078dfe78.jpg',1);

/*!40101 SET SQL_MODE=@OLD_SQL_MODE */;
/*!40014 SET FOREIGN_KEY_CHECKS=@OLD_FOREIGN_KEY_CHECKS */;
/*!40014 SET UNIQUE_CHECKS=@OLD_UNIQUE_CHECKS */;
/*!40111 SET SQL_NOTES=@OLD_SQL_NOTES */;
